Mese,id
Novembre,7a80ok
Novembre,7a7efd
Novembre,7b2fx4
Novembre,7b1hj7
Novembre,7btfmz
Novembre,7bomqh
Novembre,7bwes9
Novembre,7c09aq
Novembre,7cq6q2
Novembre,7crydz
Novembre,7dd092
Novembre,7c3li6
Novembre,7eg1g0
Novembre,7ekobe
Novembre,7e82ab
Novembre,7f030q
Novembre,7g6tma
Novembre,7gj728
Novembre,7gplsc
Novembre,7f7qwr
Novembre,7fquqs
Novembre,7gi0j2
Novembre,7dkl46
Novembre,7dlie0
Novembre,7el6ry
Novembre,7f3yjo
Novembre,7aij8c
Novembre,7amtpi
Novembre,7a4fit
Novembre,7a7eh1
Novembre,7b6lis
Novembre,7aa5j0
Novembre,7a26ft
Novembre,7abgp7
Novembre,7a2k1e
Novembre,7a395r
Novembre,7ajj61
Novembre,7dmjsh
Novembre,7aqyns
Novembre,7c1zsq
Novembre,7ap0l7
Novembre,7bdoz0
Novembre,7bdw9x
Novembre,7bo9jf
Novembre,7b47pz
Novembre,7cm7wq
Novembre,7bf5ba
Novembre,7c4gf2
Novembre,7bbyi3
Novembre,7cbml6
Novembre,7bm7qt
Novembre,7c4ti8
Novembre,7cegm8
Novembre,7cm12n
Novembre,7ddg7a
Novembre,7eh292
Novembre,7bvzd8
Novembre,7cu88w
Novembre,7bnjo1
Novembre,7bt0aq
Novembre,7cncge
Novembre,7cmhpr
Novembre,7ceqmz
Novembre,7cymhu
Novembre,7d4fxb
Novembre,7dt5nc
Novembre,7dm4xj
Novembre,7c82fr
Novembre,7f8s4y
Novembre,7cokij
Novembre,7f1ggb
Novembre,7epxiv
Novembre,7dfgim
Novembre,7eybze
Novembre,7f68hv
Novembre,7ejkk9
Novembre,7f8zvr
Novembre,7ez432
Novembre,7eams2
Novembre,7eb3kt
Novembre,7fdx1u
Novembre,7e46mj
Novembre,7f893l
Novembre,7flrup
Novembre,7e3y3o
Novembre,7fumpi
Novembre,7g386z
Novembre,7faiyx
Novembre,7fwpkg
Novembre,7cuxvs
Novembre,7fwmxn
Novembre,7gdpqg
Novembre,7g5jdr
Novembre,7eaty3
Novembre,7ggg41
Novembre,7erxvt
Novembre,7fdxtp
Novembre,7gbai8